variable,group,region,time,value
dLST_LAI_driven,annual,Global,2001-01-01,0.0
dLST_LAI_driven,annual,Global,2002-01-01,0.013531895
dLST_LAI_driven,annual,Global,2003-01-01,0.011474756
dLST_LAI_driven,annual,Global,2004-01-01,-6.7961e-05
dLST_LAI_driven,annual,Global,2005-01-01,0.01247649
dLST_LAI_driven,annual,Global,2006-01-01,-0.0075391186
dLST_LAI_driven,annual,Global,2007-01-01,-0.003569425
dLST_LAI_driven,annual,Global,2008-01-01,0.001276023
dLST_LAI_driven,annual,Global,2009-01-01,0.0010067286
dLST_LAI_driven,annual,Global,2010-01-01,-0.013634168
dLST_LAI_driven,annual,Global,2011-01-01,-0.015850248
dLST_LAI_driven,annual,Global,2012-01-01,0.0020021382
dLST_LAI_driven,annual,Global,2013-01-01,-0.0078070313
dLST_LAI_driven,annual,Global,2014-01-01,-0.016085928
dLST_LAI_driven,annual,Global,2015-01-01,-0.008988064
dLST_LAI_driven,annual,Global,2016-01-01,-0.012870252
dLST_LAI_driven,annual,Global,2017-01-01,-0.0221956
dLST_LAI_driven,annual,Global,2018-01-01,-0.021000668
dLST_LAI_driven,annual,Global,2019-01-01,-0.02804011
dLST_LAI_driven,annual,Global,2020-01-01,-0.042621452
dLST_LAI_driven,annual,Global,2021-01-01,-0.029995127
dLST_LAI_driven,annual,Global,2022-01-01,-0.037487857
dLST_LAI_driven,annual,Global,2023-01-01,-0.03550512
dLST_LAI_driven,annual,Global,2024-01-01,-0.031624608
dLST_Sens_driven,annual,Global,2001-01-01,0.0
dLST_Sens_driven,annual,Global,2002-01-01,0.0024796904
dLST_Sens_driven,annual,Global,2003-01-01,0.003349863
dLST_Sens_driven,annual,Global,2004-01-01,0.002196105
dLST_Sens_driven,annual,Global,2005-01-01,0.00372527
dLST_Sens_driven,annual,Global,2006-01-01,0.0035792345
dLST_Sens_driven,annual,Global,2007-01-01,0.0039316425
dLST_Sens_driven,annual,Global,2008-01-01,0.004620802
dLST_Sens_driven,annual,Global,2009-01-01,0.006748025
dLST_Sens_driven,annual,Global,2010-01-01,0.0071460768
dLST_Sens_driven,annual,Global,2011-01-01,0.0070501715
dLST_Sens_driven,annual,Global,2012-01-01,0.011670866
dLST_Sens_driven,annual,Global,2013-01-01,0.013288669
dLST_Sens_driven,annual,Global,2014-01-01,0.013562233
dLST_Sens_driven,annual,Global,2015-01-01,0.0150218215
dLST_Sens_driven,annual,Global,2016-01-01,0.016152501
dLST_Sens_driven,annual,Global,2017-01-01,0.01634037
dLST_Sens_driven,annual,Global,2018-01-01,0.01651087
dLST_Sens_driven,annual,Global,2019-01-01,0.017477863
dLST_Sens_driven,annual,Global,2020-01-01,0.02137084
dLST_Sens_driven,annual,Global,2021-01-01,0.021599779
dLST_Sens_driven,annual,Global,2022-01-01,0.022366239
dLST_Sens_driven,annual,Global,2023-01-01,0.023755083
dLST_Sens_driven,annual,Global,2024-01-01,0.023607083
dLST_total,annual,Global,2001-01-01,0.0
dLST_total,annual,Global,2002-01-01,0.01601158
dLST_total,annual,Global,2003-01-01,0.014824621
dLST_total,annual,Global,2004-01-01,0.0021281452
dLST_total,annual,Global,2005-01-01,0.016201757
dLST_total,annual,Global,2006-01-01,-0.0039598886
dLST_total,annual,Global,2007-01-01,0.00036221367
dLST_total,annual,Global,2008-01-01,0.005896825
dLST_total,annual,Global,2009-01-01,0.007754751
dLST_total,annual,Global,2010-01-01,-0.0064880867
dLST_total,annual,Global,2011-01-01,-0.00880008
dLST_total,annual,Global,2012-01-01,0.013673006
dLST_total,annual,Global,2013-01-01,0.0054816436
dLST_total,annual,Global,2014-01-01,-0.0025236907
dLST_total,annual,Global,2015-01-01,0.0060337493
dLST_total,annual,Global,2016-01-01,0.0032822483
dLST_total,annual,Global,2017-01-01,-0.005855234
dLST_total,annual,Global,2018-01-01,-0.0044897976
dLST_total,annual,Global,2019-01-01,-0.010562227
dLST_total,annual,Global,2020-01-01,-0.021250634
dLST_total,annual,Global,2021-01-01,-0.008395361
dLST_total,annual,Global,2022-01-01,-0.015121603
dLST_total,annual,Global,2023-01-01,-0.011750035
dLST_total,annual,Global,2024-01-01,-0.008017541
