group,region,time,value
annual,Arid,2001-01-01,-1.5640349795797848
annual,Arid,2002-01-01,-1.5771087901046275
annual,Arid,2003-01-01,-1.4598373296621583
annual,Arid,2004-01-01,-1.4103412160038775
annual,Arid,2005-01-01,-1.4347688931437126
annual,Arid,2006-01-01,-1.436446693306497
annual,Arid,2007-01-01,-1.473322925593987
annual,Arid,2008-01-01,-1.4113648948755961
annual,Arid,2009-01-01,-1.413103783258649
annual,Arid,2010-01-01,-1.4662954216565731
annual,Arid,2011-01-01,-1.4427216730933416
annual,Arid,2012-01-01,-1.6790814722979162
annual,Arid,2013-01-01,-1.5414818763549836
annual,Arid,2014-01-01,-1.47412283346898
annual,Arid,2015-01-01,-1.4168008993638908
annual,Arid,2016-01-01,-1.4895439426998809
annual,Arid,2017-01-01,-1.5173852464836843
annual,Arid,2018-01-01,-1.467105423478419
annual,Arid,2019-01-01,-1.1352071145557652
annual,Arid,2020-01-01,-1.2721575833566603
annual,Arid,2021-01-01,-1.4104310257514086
annual,Arid,2022-01-01,-1.424771568599198
annual,Arid,2023-01-01,-1.3330462997521837
annual,Arid,2024-01-01,-1.3016158378270324
annual,Boreal,2001-01-01,0.3053557888407339
annual,Boreal,2002-01-01,0.26976767276108415
annual,Boreal,2003-01-01,0.33240585089228886
annual,Boreal,2004-01-01,0.34520832552725805
annual,Boreal,2005-01-01,0.3042245751464273
annual,Boreal,2006-01-01,0.28043605313115794
annual,Boreal,2007-01-01,0.29698788281422756
annual,Boreal,2008-01-01,0.31458627968588876
annual,Boreal,2009-01-01,0.31991415337728946
annual,Boreal,2010-01-01,0.3430682636008659
annual,Boreal,2011-01-01,0.33703398072384827
annual,Boreal,2012-01-01,0.2473158890424248
annual,Boreal,2013-01-01,0.3076382437576667
annual,Boreal,2014-01-01,0.3268818298554509
annual,Boreal,2015-01-01,0.321666210211227
annual,Boreal,2016-01-01,0.2936955163790304
annual,Boreal,2017-01-01,0.3160829185057412
annual,Boreal,2018-01-01,0.3287013940674963
annual,Boreal,2019-01-01,0.3830350601630604
annual,Boreal,2020-01-01,0.34964645730110916
annual,Boreal,2021-01-01,0.33068914470041433
annual,Boreal,2022-01-01,0.302992811435258
annual,Boreal,2023-01-01,0.3559257185524607
annual,Boreal,2024-01-01,0.37305616870584746
annual,Global,2001-01-01,-0.4906252453543184
annual,Global,2002-01-01,-0.5039275954638142
annual,Global,2003-01-01,-0.45121683078015534
annual,Global,2004-01-01,-0.4388656721863625
annual,Global,2005-01-01,-0.459511709451677
annual,Global,2006-01-01,-0.45374769419275485
annual,Global,2007-01-01,-0.4601178130952229
annual,Global,2008-01-01,-0.4438577331478243
annual,Global,2009-01-01,-0.4440089905507081
annual,Global,2010-01-01,-0.43567362795828934
annual,Global,2011-01-01,-0.43127260525684374
annual,Global,2012-01-01,-0.5263904422696514
annual,Global,2013-01-01,-0.4727407554587058
annual,Global,2014-01-01,-0.4437787419232833
annual,Global,2015-01-01,-0.43676506722146374
annual,Global,2016-01-01,-0.46329358617973687
annual,Global,2017-01-01,-0.45312180078021935
annual,Global,2018-01-01,-0.4380982349959074
annual,Global,2019-01-01,-0.3328558520432795
annual,Global,2020-01-01,-0.3727521054937662
annual,Global,2021-01-01,-0.41520833642079613
annual,Global,2022-01-01,-0.42970990307125484
annual,Global,2023-01-01,-0.3809239787221255
annual,Global,2024-01-01,-0.3584201667506589
annual,Temperate,2001-01-01,-0.4675562303953302
annual,Temperate,2002-01-01,-0.4750251919148803
annual,Temperate,2003-01-01,-0.46069429069937584
annual,Temperate,2004-01-01,-0.47034092909467645
annual,Temperate,2005-01-01,-0.4778412033585892
annual,Temperate,2006-01-01,-0.46840701386166006
annual,Temperate,2007-01-01,-0.46581708543481903
annual,Temperate,2008-01-01,-0.49166384058606577
annual,Temperate,2009-01-01,-0.48333993329293523
annual,Temperate,2010-01-01,-0.44651228977133184
annual,Temperate,2011-01-01,-0.4508289878966092
annual,Temperate,2012-01-01,-0.45934946586242326
annual,Temperate,2013-01-01,-0.45254924012077613
annual,Temperate,2014-01-01,-0.4322962972289794
annual,Temperate,2015-01-01,-0.43342159061873775
annual,Temperate,2016-01-01,-0.4343084770864405
annual,Temperate,2017-01-01,-0.4169252152766231
annual,Temperate,2018-01-01,-0.44206287747012246
annual,Temperate,2019-01-01,-0.42246475236048747
annual,Temperate,2020-01-01,-0.41859864016245835
annual,Temperate,2021-01-01,-0.42020609221512134
annual,Temperate,2022-01-01,-0.44105986839123107
annual,Temperate,2023-01-01,-0.4048012497298925
annual,Temperate,2024-01-01,-0.3807533890537736
annual,Tropical,2001-01-01,-0.507435810286935
annual,Tropical,2002-01-01,-0.5045761866677277
annual,Tropical,2003-01-01,-0.4864411996654199
annual,Tropical,2004-01-01,-0.4865973935018111
annual,Tropical,2005-01-01,-0.49035678074818345
annual,Tropical,2006-01-01,-0.4523441783051588
annual,Tropical,2007-01-01,-0.45758066109539636
annual,Tropical,2008-01-01,-0.4660967614697173
annual,Tropical,2009-01-01,-0.4737474364876377
annual,Tropical,2010-01-01,-0.44753354896971936
annual,Tropical,2011-01-01,-0.439563202908498
annual,Tropical,2012-01-01,-0.45912194498491304
annual,Tropical,2013-01-01,-0.45635436409549734
annual,Tropical,2014-01-01,-0.44646891580639597
annual,Tropical,2015-01-01,-0.47383639180857845
annual,Tropical,2016-01-01,-0.46925208843997096
annual,Tropical,2017-01-01,-0.43982308114410595
annual,Tropical,2018-01-01,-0.4305813312323672
annual,Tropical,2019-01-01,-0.42288983945362096
annual,Tropical,2020-01-01,-0.40863637048122264
annual,Tropical,2021-01-01,-0.4182005828508889
annual,Tropical,2022-01-01,-0.4297180308064285
annual,Tropical,2023-01-01,-0.40504023565618036
annual,Tropical,2024-01-01,-0.3793690320143333
